"id_dataset","method","human_mean","coherence_diff_norm","diversity_diff_norm","coherence_var_diff_norm","diversity_var_diff_norm","length","coherence_diff_z","diversity_diff_z","coherence_var_diff_z","diversity_var_diff_z","mean_composite_score","var_composite_score","overall_composite_score"
"1017 wikinews","temp (0.9)",3,0.00145394308166638,4.56816774269427e-07,0.00194275777540589,4.95414338652674e-06,271,0.0376383970143601,0.304085523324694,-0.120558786813778,-0.447806270255315,0.170861960169527,-0.284182528534547,-0.0566602841825097
"1017 wikinews","topp (0.95)",3,0.00236949247722271,-0.000155165909636508,0.00185689254766845,3.75306954335196e-06,245,0.0695506883058837,0.164445706263878,-0.122575812841246,-0.454309752907134,0.116998197284881,-0.28844278287419,-0.0857222927946547
"1017 wikinews","beam (5)",1.5,0.00529255478864914,-0.000997876613204801,0.000191874687643575,6.19345859981983e-05,267,0.171436633944931,-0.591716142300921,-0.161688087371494,-0.139272933921488,-0.210139754177995,-0.150480510646491,-0.180310132412243
"1017 wikinews","topk (50)",3.5,0.00207059758171376,0.000660149799886649,0.00188101141366326,-2.21142701771198e-05,149,0.0591324399652409,0.896026106828934,-0.122009246120975,-0.594374242760762,0.477579273397088,-0.358191744440868,0.0596937644781096
"1017 wikinews","CS (('0.6', '10'))",3,0.00368336786306174,8.07302476365627e-05,0.000194032388577043,-5.26291692043738e-06,252,0.11534698748664,0.376114637959704,-0.161637401674187,-0.503128825847149,0.245730812723172,-0.332383113760668,-0.0433261505187481
"1027 wikinews","topp (0.95)",2.5,0.00317161287964882,0.00026417926349467,-2.34848501473175e-05,-1.34434023071731e-05,227,0.0975093108087602,0.540722903122694,-0.166747012904376,-0.547423891548915,0.319116106965727,-0.357085452226646,-0.0189846726304592
"1027 wikinews","beam (5)",2,0.00726367136613891,-0.00183122280550596,0.00366420024867716,0.000564953472338128,195,0.240141661435209,-1.33947524230601,-0.0801210640606972,2.58443520395799,-0.549666790435398,1.25215706994865,0.351245139756624
"1027 wikinews","CS (('0.6', '10'))",2.5,0.00317814727659134,-0.000186691704064274,0.00010102623360278,1.97707989860612e-05,244,0.0977370730460097,0.136157703167403,-0.163822172392683,-0.367578178371429,0.116947388106706,-0.265700175382056,-0.074376393637675
"1027 wikinews","temp (0.9)",2.5,0.00289551941719245,-0.000172028676139262,-0.000152844953114723,1.57175075533925e-05,235,0.0878858267669854,0.149314795220922,-0.169785759804332,-0.389525630366097,0.118600310993954,-0.279655695085215,-0.0805276920456304
"1027 wikinews","topk (50)",2,-0.00141920559146465,0.000216482341622099,0.00386164369138703,-1.4087590700395e-05,142,-0.0625077642149838,0.497924594686243,-0.0754829984153533,-0.550911993520022,0.21770841523563,-0.313197495967687,-0.0477445403660288
"1078 wikinews","topk (50)",2,-0.00696262858441988,0.00101626269321791,0.0258041326762573,-1.42056297590285e-05,105,-0.255728720027885,1.2155651640391,0.439959312239715,-0.55155114237371,0.479918222005608,-0.0557959150669976,0.212061153469305
"1078 wikinews","CS (('0.6', '10'))",2,0.0021084651240596,0.000298718163429156,-0.000847680109372906,-1.93284048935559e-06,240,0.0604523469497247,0.571714556974091,-0.186107857024617,-0.485097383049654,0.316083451961908,-0.335602620037136,-0.00975958403761401
"1078 wikinews","topp (0.95)",3.5,0.000691244289237682,1.99119609767835e-06,0.000418719449157794,2.34891823237247e-05,252,0.0110538499109366,0.30546231740204,-0.156359367000915,-0.347444161077881,0.158258083656488,-0.251901764039398,-0.0468218401914548
"1078 wikinews","temp (0.9)",2,-0.0344284245997299,0.00311452762164564,0.118424824554938,-4.25514220397895e-05,36,-1.21307355281165,3.09833214485509,2.61567526995702,-0.705035767317943,0.942629296021724,0.955319751319537,0.94897452367063
"1078 wikinews","beam (5)",3,0.00355857673559746,0.000426641551002943,0.00699212647069613,-7.44134251342091e-06,130,0.110997281365303,0.686499838343935,-0.00194606838223003,-0.514924397895242,0.398748559854619,-0.258435233138736,0.0701566633579414
"1102 wikitext","CS (('0.6', '10'))",1.5,0.00993461265848861,-0.00154669544080525,0.00210549005698079,0.000473625620005135,162,0.333239703941402,-1.08416967047886,-0.116736107295016,2.08992014424644,-0.37546498326873,0.986592018475712,0.305563517603491
"1102 wikitext","topk (50)",1,0.00158535005128737,-0.00184375473960724,0.00038485631317215,0.000274466323645787,408,0.042218704218575,-1.35072011010701,-0.157154832504874,1.01152764058659,-0.654250702944218,0.427186404040856,-0.113532149451681
"1102 wikitext","topp (0.95)",1.5,0.00678164258751867,-0.0011576865468687,0.000768083735717289,0.00025095728935766,257,0.223340118155418,-0.735113128178313,-0.148152589034716,0.884232722357639,-0.255886505011448,0.368040066661461,0.0560767808250069
"1102 wikitext","temp (0.9)",2,0.00305974056271141,-0.000400409813506621,0.00080306447869233,2.1037972307477e-05,266,0.0936099013581157,-0.0556109311022374,-0.147330870267993,-0.360716785327607,0.0189994851279391,-0.2540238277978,-0.11751217133493
"1102 wikitext","beam (5)",2,0.0128134076431553,-0.000750059384056711,0.000740798081409837,0.000146482018633665,115,0.433582672398542,-0.369350467692351,-0.148793545523912,0.318528028546582,0.0321161023530954,0.0848672415113348,0.0584916719322151
"1120 wikinews","CS (('0.6', '10'))",2,0.00571627014517363,0.000328301761397014,0.00120215560474097,-1.31840725599303e-05,128,0.18620561085402,0.598259832869902,-0.137955978827269,-0.546019692696465,0.392232721861961,-0.341987835761867,0.0251224430500471
"1120 wikinews","topk (50)",2,0.0114841618442423,0.0014814884150428,-0.000618993612744942,-6.80887466782467e-05,48,0.387250623752307,1.63301084299563,-0.180735873184552,-0.84331331678242,1.01013073337397,-0.512024594983486,0.249053069195241
"1120 wikinews","beam (5)",3.5,0.00616516638228267,-0.00123872983880717,0.00340761385067114,0.000369373239810502,232,0.201852289829312,-0.807833036904388,-0.0861484334244043,1.52542234100186,-0.302990373537538,0.719636953788727,0.208323290125594
"1120 wikinews","topp (0.95)",2.5,0.000654733636370802,0.00120527871054329,0.0413280918508941,-5.53942345856922e-05,59,0.00978123852023863,1.38516868332979,0.804626483452927,-0.774576045018167,0.697474960925015,0.0150252192173803,0.356250090071198
"1120 wikinews","temp (0.9)",2.5,0.00065340405456272,0.00010154366252367,0.0038845265850338,-9.95606716004461e-06,231,0.00973489475969293,0.394790454238458,-0.0749454654315655,-0.528540936300734,0.202262674499075,-0.30174320086615,-0.0497402631835371
"1121 wikitext","temp (0.9)",1,0.00279096232941136,-0.000268742041181991,0.001735731899557,6.00762327095261e-05,325,0.0842413961572791,0.062534175748577,-0.125421949597477,-0.149335402971588,0.073387785952928,-0.137378676284533,-0.0319954451658023
"1121 wikitext","topp (0.95)",1.5,0.00558404015802026,-0.00175248086822712,0.00075944149393031,0.000306383580288316,266,0.181596616639187,-1.26882033238232,-0.148355600510716,1.1843507572067,-0.543611857871568,0.517997578347992,-0.0128071397617875
"1121 wikitext","beam (5)",1.5,0.00874750740404578,-0.00185225534719479,0.00340095217580638,0.000384547774098208,162,0.291862090830251,-1.35834768042279,-0.0863049201879383,1.60758824699534,-0.53324279479627,0.760641663403702,0.113699434303716
"1121 wikitext","CS (('0.6', '10'))",1.5,0.00659437627022505,-0.00123359074317926,0.003686168529444,0.000123823742847185,196,0.216812783534729,-0.803221741434306,-0.0796050158855159,0.195839732289957,-0.293204478949788,0.0581173582022208,-0.117543560373784
"1121 wikitext","topk (50)",1,0.00211111850801598,-0.000325318898031763,0.00320399276894153,6.84760024747665e-05,132,0.0605448330156161,0.0117679276395157,-0.0909316155391206,-0.103852973012809,0.0361563803275659,-0.0973922942759646,-0.0306179569741993
"1123 wikinews","CS (('0.6', '10'))",3,0.00117569498342287,-0.000157228483535257,-0.00128239452303922,1.53246622667633e-05,254,0.027939811219255,0.162594964739562,-0.196319560993558,-0.391652778934822,0.0952673879794087,-0.29398616996419,-0.0993593909923905
"1123 wikinews","beam (5)",2,0.00413566382040918,-0.00139606009756744,-0.00080031020247401,0.000418375461307785,242,0.131112166745023,-0.949005017746215,-0.184995109319272,1.79075581672374,-0.408946425500596,0.802880353702233,0.196966964100818
"1123 wikinews","temp (0.9)",3,0.000822210081630543,-8.93448010676773e-05,-0.00137273246004287,2.68014290676131e-06,251,0.0156187794891234,0.223506794392039,-0.198441653661398,-0.460119353879959,0.119562786940581,-0.329280503770679,-0.104858858415049
"1123 wikinews","topk (50)",2,-0.0015557594012844,-7.61223828223569e-05,0.00624661651282218,1.0035895732921e-07,229,-0.067267469127778,0.235371231595154,-0.0194585472795816,-0.474088170415191,0.0840518812336879,-0.246773358847386,-0.0813607388068491
"1123 wikinews","topp (0.95)",3.5,0.000766714428264383,-7.59468032280631e-05,-0.00129953992497107,1.95141320455717e-06,253,0.0136844289622923,0.235528778651373,-0.196722316833834,-0.464065223655645,0.124606603806833,-0.33039377024474,-0.102893583218953
"1179 wikitext","topp (0.95)",2,-0.394944309493659,0.00505594036152073,0.303863413542512,-0.000140676730380553,11,-13.7791764739606,4.84035611582776,6.9717396552816,-1.23635717118082,-4.4694101790664,2.86769124205039,-0.800859468508004
"1179 wikitext","CS (('0.6', '10'))",2.5,0.00586935869484232,7.49207100175595e-06,0.00100878250688874,-1.38084874983428e-06,174,0.191541648881171,0.310398236358068,-0.142498429615063,-0.48210850045736,0.25096994261962,-0.312303465036212,-0.030666761208296
"1179 wikitext","beam (5)",2,0.00821870906797187,-0.00255257099627577,0.000333459206648942,0.000596553826007064,224,0.273430352884523,-1.98673886323991,-0.158362181560196,2.75554237862934,-0.856654255177695,1.29859009853457,0.220967921678437
"1179 wikitext","topk (50)",3.5,8.10245352074463e-05,-9.96854685873671e-05,-0.00231094568693635,7.39843622155773e-06,244,-0.0102159042246357,0.214228143683114,-0.220480848662958,-0.434571100628631,0.102006119729239,-0.327525974645794,-0.112759927458278
"1179 wikitext","temp (0.9)",4.5,0.00296351432018797,3.36386612754681e-05,-0.00230409278575491,-9.28882729886924e-07,236,0.0902558497949764,0.333859495306507,-0.220319869877822,-0.479661229470116,0.212057672550742,-0.349990549673969,-0.0689664385616136
"1181 wikinews","topk (50)",3,-0.00139533401894262,-0.000260072815103856,-0.000524466094043777,4.02823557024768e-06,138,-0.0616756992498306,0.0703130469425836,-0.178515364713822,-0.452819804980572,0.00431867384637649,-0.315667584847197,-0.15567445550041
"1181 wikinews","beam (5)",2.5,0.00834049951089056,-0.000410182262641297,-0.000480619786388264,2.97363993393545e-05,128,0.277675467467973,-0.0643797211168804,-0.177485388481534,-0.313617208876585,0.106647873175546,-0.245551298679059,-0.0694517127517564
"1181 wikinews","temp (0.9)",3,0.00146455862368757,-0.000320527724444567,0.000161618586039189,1.07889556542611e-05,288,0.0380084112056659,0.0160670336804719,-0.162398821460645,-0.416212375695484,0.0270377224430689,-0.289305598578065,-0.131133938067498
"1181 wikinews","topp (0.95)",3.5,0.00273791929273295,-0.000227220813222449,-0.000282918356769318,5.77982689917964e-06,165,0.0823925337740105,0.0997910521067677,-0.172841262567976,-0.443335422412823,0.0910917929403891,-0.308088342490399,-0.108498274775005
"1181 wikinews","CS (('0.6', '10'))",3,0.00188212125989104,-0.000193089721362116,0.000201284503445565,9.83239276579097e-06,248,0.0525629295567865,0.130416780966462,-0.161467045118577,-0.421391899157669,0.0914898552616241,-0.291429472138123,-0.0999698084382494
"1182 wikitext","CS (('0.6', '10'))",1.5,0.00613298955205353,-0.000935601249621568,0.00585891333204791,0.000165994335206215,140,0.200730737694502,-0.53583664077359,-0.0285659290120917,0.424181825811009,-0.167552951539544,0.197807948399459,0.0151274984299572
"1182 wikitext","topk (50)",1,0.00607813309640987,-0.00230941521656821,0.00173537983749381,0.000355276079738481,318,0.198818666974759,-1.76855589357507,-0.125430219747845,1.44909011839182,-0.784868613300156,0.661829949321987,-0.0615193319890847
"1182 wikitext","temp (0.9)",1.5,0.00284015719250827,-0.000404376039905707,0.000775115072543013,4.49583314948799e-05,271,0.0859561270159471,-0.0591698144450744,-0.147987418688592,-0.231194656538786,0.0133931562854364,-0.189591037613689,-0.0880989406641265
"1182 wikitext","beam (5)",2,0.0081616265057125,-0.00246285403913333,0.00218154953391218,0.000483957314307504,251,0.271440689231935,-1.90623610010521,-0.114949424272695,2.1458634112164,-0.817397705436639,1.01545699347185,0.0990296440176061
"1182 wikitext","topp (0.95)",2.5,0.00323303578973906,-0.000388014972693443,0.00125353562881379,1.80814578853468e-05,234,0.0996502611586667,-0.0444890767075168,-0.136749031049017,-0.376725493171376,0.0275805922255749,-0.256737262110197,-0.114578334942311
"1197 wikitext","topp (0.95)",1.5,-0.0157354516992667,0.00503008519600709,0.0301122144905986,-0.000748382416705898,52,-0.561513299263926,4.81715635146383,0.541158754399913,-4.52691537531437,2.12782152609995,-1.99287831045723,0.067471607821362
"1197 wikitext","CS (('0.6', '10'))",1,-0.000971041286825333,-0.00107176585667819,-0.000250568256688772,6.96622452954546e-05,483,-0.046886597399159,-0.658016744271814,-0.17208133919069,-0.0974297962455933,-0.352451670835486,-0.134755567718142,-0.243603619276814
"1197 wikitext","topk (50)",1,0.000867150518197844,-0.000795838115511981,0.00111539851942477,0.000169199852087123,206,0.0171852185141118,-0.410427589479927,-0.139993955127583,0.441538813096647,-0.196621185482908,0.150772428984532,-0.022924378249188
"1197 wikitext","beam (5)",1.5,0.00456611154680116,-0.00017543249036299,0.00134580374734391,-4.10893822197503e-05,198,0.146115806414348,0.146260562677433,-0.134581597252069,-0.697119226082842,0.14618818454589,-0.415850411667456,-0.134831113560783
"1197 wikitext","temp (0.9)",1,-0.00242692269896172,0.00070754593754488,0.000849816420795541,-0.000170568730206489,157,-0.09763264336403,0.938554522469943,-0.146232638928699,-1.39821408231153,0.420460939552957,-0.772223360620116,-0.175881210533579
"1202 wikinews","CS (('0.6', '10'))",3,0.00191129900842803,3.71694894436408e-05,0.00130219671522349,-1.89609285433771e-06,244,0.0535799460225965,0.337027697090708,-0.135605952757612,-0.484898404770182,0.195303821556652,-0.310252178763897,-0.0574741786036224
"1202 wikinews","temp (0.9)",2.5,0.00158680393281229,-0.000493576084395609,0.000629883453249528,2.71261239142582e-05,264,0.0422693805566859,-0.139208753369125,-0.151398997087033,-0.327751128318801,-0.0484696864062196,-0.239575062702917,-0.144022374554568
"1202 wikinews","topk (50)",3,0.00229737470488628,-0.00013723733329794,0.0022501906453063,1.68332723005199e-05,274,0.0670369589874371,0.180532965353982,-0.113337003134541,-0.38348407287345,0.12378496217071,-0.248410538003995,-0.0623127879166428
"1202 wikinews","topp (0.95)",3.5,0.00257411835221536,-0.000182407490005378,0.0020616811144842,7.99165862008512e-06,255,0.0766831058032274,0.140001915906964,-0.117765205797167,-0.431358965421943,0.108342510855096,-0.274562085609555,-0.0831097873772295
"1202 wikinews","beam (5)",1,0.00575754197999949,-0.00140543020097102,0.00139614932422867,0.000394886668578139,237,0.187644177491157,-0.957412784113598,-0.133398949262653,1.66357050093528,-0.384884303311221,0.765085775836314,0.190100736262547
"1232 wikitext","topk (50)",4,-0.00116312497077542,0.000321085442147351,-0.000405485225831251,-4.03554527015145e-05,247,-0.0535818456340611,0.59178465072192,-0.175720432303123,-0.693145200741579,0.269101402543929,-0.434432816522351,-0.0826657069892109
"1232 wikitext","topp (0.95)",2.5,0.00142626130709088,-0.000558644934720532,0.000477792407322009,7.66590769999058e-05,249,0.0366735240561042,-0.197594842376114,-0.154971707557431,-0.0595438878427259,-0.0804606591600048,-0.107257797700078,-0.0938592284300416
"1232 wikitext","temp (0.9)",2.5,-0.000893474339608953,0.000204410640066987,0.00335883188141863,-3.93639165185679e-05,231,-0.0441829322269929,0.487092692202289,-0.0872943513267513,-0.687776306563183,0.221454879987648,-0.387535328944967,-0.0830402244786595
"1232 wikitext","beam (5)",2,0.00625495828841113,-0.00244646995290495,0.00192922938522822,0.000488062428459984,225,0.204982066854888,-1.89153470747185,-0.120876576864735,2.16809146890503,-0.843276320308481,1.02360744602015,0.0901655628558328
"1232 wikitext","CS (('0.6', '10'))",2.5,0.00165668271435444,0.00139451867082396,0.00798585869594983,-8.50084431985177e-05,117,0.0447050678527439,1.554973145979,0.021397301401861,-0.934928793565077,0.799839106915874,-0.456765746081608,0.171536680417133
"1249 wikinews","CS (('0.6', '10'))",1.5,0.00246357437217294,-7.45682112638352e-06,0.000127014578962277,1.24730250903507e-08,268,0.0728299967205717,0.296984639191513,-0.163211690473725,-0.474564048429604,0.184907317956042,-0.318887869451665,-0.0669902757478113
"1249 wikinews","topp (0.95)",3.5,0.00217904567759697,0.000412959080364622,0.00404221775521873,-1.44190110286836e-05,118,0.0629124951349932,0.674222597474681,-0.0712412046621484,-0.552706542929064,0.368567546304837,-0.311973873795606,0.0282968362546155
"1249 wikinews","beam (5)",1,0.0058094012877274,-0.00200829127319426,0.00158302008590984,0.000557133816619513,254,0.189451779945402,-1.49835826026553,-0.129009242276302,2.54209393110603,-0.654453240160063,1.20654234441486,0.276044552127401
"1249 wikinews","topk (50)",2.5,-0.000610692536766129,-0.000304478669826018,0.00152736455665004,1.98260190296829e-05,233,-0.0343263201118389,0.0304678034306286,-0.130316624252074,-0.367279177108712,-0.00192925834060516,-0.248797900680393,-0.125363579510499
"1249 wikinews","temp (0.9)",2,0.00284621947947807,-0.000668949960661181,0.00107040509711025,0.000137814902375611,242,0.0861674334387487,-0.296571219403358,-0.141050877775605,0.271597991275465,-0.105201892982305,0.0652735567499302,-0.0199641681161872
"1275 wikitext","topk (50)",3,0.00120334402700474,0.000750726092938728,0.000961373745037522,-5.85496302853772e-05,105,0.0289035433095161,0.977299949560963,-0.143612090046691,-0.791661639970667,0.503101746435239,-0.467636865008679,0.0177324407132802
"1275 wikitext","beam (5)",2.5,0.0060649207732469,-0.000708351998880617,0.00273815627750194,8.44284328890801e-05,239,0.198358139659182,-0.331926553008438,-0.101874395900119,-0.0174749746545928,-0.0667842066746284,-0.0596746852773561,-0.0632294459759923
"1275 wikitext","CS (('0.6', '10'))",1,-0.0740739331070855,-0.00100672455389801,0.313683606297689,0.000355200167025366,31,-2.5949531346539,-0.599655373596123,7.20242191053064,1.44867907204724,-1.59730425412501,4.32555049128894,1.36412311858196
"1275 wikitext","temp (0.9)",1.5,-0.169543678977273,0.00443248560228898,0.481477447593836,-0.000311062078185355,20,-5.92263633178591,4.28093198457961,11.144000522283,-2.15894670209904,-0.820852173603149,4.49252691009196,1.83583736824441
"1275 wikitext","topp (0.95)",3,-0.00793266681709675,0.000861577946601552,0.0151141699488988,-6.1345587229897e-05,96,-0.289540268367436,1.07676699350331,0.188845635354404,-0.806800973482298,0.393613362567938,-0.308977669063947,0.0423178467519957
"1292 wikinews","CS (('0.6', '10'))",3,0.00125749972360762,-0.000356103531707629,0.0004642338939386,2.57820468937769e-05,261,0.0307911884474788,-0.0158550340828952,-0.155290205220673,-0.335028933622015,0.00746807718229181,-0.245159569421344,-0.118845746119526
"1292 wikinews","beam (5)",4,0.00381284301029085,1.31916742851739e-07,0.000865028033716043,2.2728953045127e-05,245,0.119859959297274,0.303793991477151,-0.145875308959527,-0.351560592347166,0.211826975387212,-0.248717950653347,-0.0184454876330671
"1292 wikinews","topk (50)",2,0.000786959175809667,-6.22116136682879e-05,0.00305924886851147,-8.92927583086518e-07,249,0.0143900777060128,0.247853324054594,-0.0943317371270745,-0.479466542295145,0.131121700880303,-0.28689913971111,-0.0778887194154031
"1292 wikinews","temp (0.9)",3.5,0.0012644605997794,3.31945563184734e-06,0.000390483077834076,9.48051304188991e-06,246,0.0310338159988879,0.306654160795601,-0.157022656406672,-0.423297230535021,0.168843988397244,-0.290159943470846,-0.060657977536801
"1292 wikinews","topp (0.95)",3,0.000790694625009044,7.02928211609378e-05,0.000435615825728207,2.80694450152771e-06,254,0.0145202801216703,0.366749165722732,-0.155962460916689,-0.45943275831677,0.190634722922201,-0.307697609616729,-0.058531443347264
"157 wikinews","beam (5)",1,0.00897044655208577,-0.00224559188732828,4.78042908125643e-05,0.000742866545433846,221,0.299632833803887,-1.71128740699328,-0.165072387953382,3.54778528520819,-0.705827286594697,1.6913564486274,0.492764581016353
"157 wikinews","CS (('0.6', '10'))",3,0.00421225290172403,0.000326854063504059,-0.0006266739292022,-2.7021075443164e-05,164,0.133781747528466,0.596960817786476,-0.180916288453942,-0.620943236086954,0.365371282657471,-0.400929762270448,-0.0177792398064887
"157 wikinews","topp (0.95)",2.5,0.0107568548352439,0.000325986833995243,-0.000936847699047829,-5.33210615984187e-05,76,0.361899688846801,0.596182655285703,-0.188202457527289,-0.763350386717829,0.479041172066252,-0.475776422122559,0.0016323749718466
"157 wikinews","topk (50)",3.5,0.00463002239446571,0.00055992847047021,-0.000890437558471686,-3.98439691756653e-05,102,0.148343476048841,0.806097801188261,-0.187112255312177,-0.690375658922019,0.477220638618551,-0.438743957117098,0.0192383407507265
"157 wikinews","temp (0.9)",2,0.00372376925996665,-0.000976195390942529,-0.00055400890954638,0.000103842882129908,228,0.116755214233194,-0.572261645003611,-0.179209343281905,0.087648898078003,-0.227753215385208,-0.0457802226019512,-0.13676671899358
"160 wikitext","temp (0.9)",2,0.0036815874076983,-0.000302206452887178,-0.00344121871006547,3.07654658203675e-05,253,0.115284928125927,0.0325066570414094,-0.247031644204633,-0.308045098514788,0.0738957925836681,-0.277538371359711,-0.101821289388021
"160 wikitext","beam (5)",1,0.0115119940982,-0.00287637477921997,-0.00214012187614068,0.000479069365150483,240,0.388220741803731,-2.27728705023529,-0.216468094238784,2.11939651850509,-0.944533154215778,0.951464212133155,0.00346552895868801
"160 wikitext","topp (0.95)",1.5,0.010370850653595,0.001047878359652,-0.00477903369165987,-3.17866375516207e-05,83,0.348445168594467,1.24393380902389,-0.278457725622172,-0.646747436781721,0.796189488809176,-0.462602581201947,0.166793453803615
"160 wikitext","topk (50)",2.5,0.00420126474052664,0.000331944866102442,-0.00501328896184112,-4.91248212951568e-06,118,0.133398745363218,0.601528780062464,-0.283960523314294,-0.501231318382222,0.367463762712841,-0.392595920848258,-0.0125660790677084
"160 wikitext","CS (('0.6', '10'))",1.5,0.00538523460543433,0.000177732567986913,-0.00478834332574513,-5.81800899057752e-06,256,0.17466707167385,0.463154536184103,-0.278676414546094,-0.506134495872213,0.318910803928976,-0.392405455209154,-0.0367473256400887
"194 wikinews","topk (50)",4,-0.000817329297999034,0.000336991893386229,0.00146765192168512,-7.12869999822065e-06,264,-0.0415288288437621,0.60605746287675,-0.131719310089713,-0.513231525150257,0.282264317016494,-0.322475417619985,-0.0201055503017454
"194 wikinews","CS (('0.6', '10'))",2.5,0.00137342315294226,0.000369914613244581,0.00371478694455205,-4.40445948122361e-06,174,0.0348318030362651,0.635598923074729,-0.0789327520406644,-0.498480516257379,0.335215363055497,-0.288706634149022,0.0232543644532377
"194 wikinews","topp (0.95)",2.5,0.0010993249064393,-0.000183476472617536,0.0016147609632294,3.74735954344902e-05,243,0.0252778640272362,0.139042720936887,-0.128263629909396,-0.271722432077987,0.0821602924820614,-0.199993030993692,-0.0589163692558151
"194 wikinews","beam (5)",1,0.00641181763063002,-0.00261087599457817,0.00329210408043524,0.000387189527392252,265,0.210449539221733,-2.03905576761793,-0.0888618276484908,1.62189261039134,-0.914303114198098,0.766515391371427,-0.0738938614133356
"194 wikinews","temp (0.9)",3,0.00109002613541086,6.24856375503739e-05,0.00204657344691024,1.64675413192598e-05,246,0.0249537470640738,0.359743802712566,-0.118120094027408,-0.385464404978236,0.19234877488832,-0.251792249502822,-0.0297217373072513
"213 wikitext","CS (('0.6', '10'))",2.5,0.00630669420940633,0.000240756658727012,-0.000445834210834526,-7.31429499804795e-06,248,0.206785368554444,0.519705868398535,-0.176668254315339,-0.514236470739989,0.36324561847649,-0.345452362527664,0.00889662797441279
"213 wikitext","beam (5)",3.5,0.00896355115117002,-0.000288106824135048,-0.000819477432682929,5.08971706143653e-05,260,0.299392488450962,0.0451582126655914,-0.185445359126145,-0.199037485349854,0.172275350558277,-0.192241422237999,-0.00998303583986118
"213 wikitext","temp (0.9)",2.5,0.00299001923603172,-0.000457000137181537,-0.00062726138579252,5.53621212857354e-05,258,0.0911797022918143,-0.106389262954098,-0.180930088163835,-0.174861012439804,-0.00760478033114169,-0.177895550301819,-0.0927501653164805
"213 wikitext","topk (50)",3,0.00626954691288382,0.000489705974670838,0.00045712935861154,-1.3602396507963e-05,147,0.205490566380937,0.743087361176466,-0.155457095043775,-0.548284801169463,0.474288963778702,-0.351870948106619,0.0612090078360414
"213 wikitext","topp (0.95)",3,0.0054976131943504,0.000101559601512177,-8.78945972452046e-05,-2.56001799108197e-06,248,0.178584127686148,0.394804756246208,-0.168260036741176,-0.488493375748411,0.286694441966178,-0.328376706244794,-0.0208411321393077
"220 wikinews","CS (('0.6', '10'))",3,0.00397221897310694,-0.00010105001431084,-0.000520290341453707,3.77534288658535e-06,244,0.125415150721067,0.213003740798063,-0.178417273765013,-0.454189148914183,0.169209445759565,-0.316303211339598,-0.0735468827900164
"220 wikinews","topk (50)",3,0.00127595635560897,-0.000121120790687809,0.000982273000276152,4.90566128815675e-06,249,0.0314345108280583,0.194994291881518,-0.143121153926427,-0.448068787408165,0.113214401354788,-0.295594970667296,-0.0911902846562539
"220 wikinews","topp (0.95)",2,-0.00264822778336179,0.000467458732592759,0.0369651013831172,-5.01283926947642e-06,36,-0.105346429591128,0.72312497595459,0.702137203880881,-0.501774724536997,0.308889273181731,0.100181239671942,0.204535256426836
"220 wikinews","temp (0.9)",2.5,0.017188329317644,9.56226294992539e-05,-0.0098376751121775,9.42547032655045e-07,56,0.586074471892383,0.38947752863042,-0.397288265966293,-0.469527954930876,0.487776000261401,-0.433408110448584,0.0271839449064085
"220 wikinews","beam (5)",3,0.00625362990725651,-0.000972509685119727,0.000343594648496993,0.000130122004524772,237,0.20493576494419,-0.568954471953078,-0.158124093913472,0.229943077217136,-0.182009353504444,0.0359094916518316,-0.0730499309263061
"23 wikinews","CS (('0.6', '10'))",4,0.00369665987371662,6.64368886157162e-05,-0.000812990277199304,9.30405707564952e-07,247,0.115810292380868,0.363289248732251,-0.185292971928213,-0.46959369684803,0.23954977055656,-0.327443334388121,-0.0439467819157808
"23 wikinews","beam (5)",2,0.0052808782521417,-0.000460114900514021,-0.00046365201240202,5.02440687357053e-05,262,0.17102963784389,-0.109184130978628,-0.177086805228915,-0.202573851379197,0.0309227534326312,-0.189830328304056,-0.0794537874357124
"23 wikinews","topp (0.95)",4,0.000824879214041467,-4.43482624360383e-05,-0.000170023771471507,5.17565254131222e-06,261,0.0157118144814531,0.263882056847645,-0.1701893006166,-0.446606859450098,0.139796935664549,-0.308398080033349,-0.0843005721844002
"23 wikinews","topk (50)",3,-0.000970034976732889,-0.000104323194376459,-5.35742720503727e-05,3.28529418631019e-06,255,-0.0468515215627754,0.210066725902413,-0.167453831586736,-0.456842627081988,0.081607602169819,-0.312148229334362,-0.115270313582271
"23 wikinews","temp (0.9)",3,-0.000715968505338901,-6.8928588514975e-05,-0.00169037587077977,8.62892785047116e-07,232,-0.0379958079531259,0.241826202178335,-0.205903289107928,-0.469959260649842,0.101915197112604,-0.337931274878885,-0.11800803888314
"234 wikitext","topp (0.95)",3,0.00389843115831858,-0.000552021572361377,-0.00318387821829379,1.66469168058235e-05,242,0.122843210582479,-0.191651718711009,-0.240986560723203,-0.384493136332551,-0.034404254064265,-0.312739848527877,-0.173572051296071
"234 wikitext","topk (50)",2.5,0.0026089204460092,-0.000459463020090754,-0.000667144425532918,2.81995986595496e-05,257,0.0778961638425798,-0.108599200582214,-0.181866964840584,-0.321938559488964,-0.0153515183698172,-0.251902762164774,-0.133627140267296
"234 wikitext","beam (5)",1,0.00848205963299031,-0.00254466361025778,-0.00215629684553054,0.000385967638870976,253,0.28260967186332,-1.97964358890276,-0.2168480540329,1.61527642201481,-0.848516958519719,0.699214183990953,-0.0746513872643831
"234 wikitext","temp (0.9)",1.5,0.00212479335759983,-0.000796581082910931,-0.00132838051898544,3.12142963738453e-05,259,0.0610214821023889,-0.411094251953104,-0.197399799795302,-0.305614805211228,-0.175036384925357,-0.251507302503265,-0.213271843714311
"234 wikitext","CS (('0.6', '10'))",2.5,0.00584190298017929,-0.000176663859812572,-0.0034773140182736,7.77381902662998e-06,181,0.190584655442919,0.145155658473273,-0.247879544781429,-0.432538506567532,0.167870156958096,-0.340209025674481,-0.0861694343581923
"248 wikitext","temp (0.9)",2.5,-0.000252793230411895,0.000105888905850251,-0.00530538892681052,-2.6060188261249e-05,259,-0.0218514203709347,0.398689428361344,-0.290822127801821,-0.615740297771836,0.188419003995204,-0.453281212786829,-0.132431104395812
"248 wikitext","beam (5)",1.5,0.00961656466267787,-0.00281579845513285,-0.00224269241329751,0.000479150613131502,224,0.322153857195984,-2.22293209187648,-0.218877538067773,2.11983645384966,-0.950389117340248,0.950479457890944,4.51702753476724e-05
"248 wikitext","CS (('0.6', '10'))",1,0.000540555209071867,-0.00348401463476077,-0.00826117032104976,0.000925775293345345,121,0.00580144753478598,-2.82252051467549,-0.360255216850581,4.53818556381568,-1.40835953357035,2.08896517348255,0.340302819956098
"248 wikitext","topk (50)",2,0.000234374479984826,0.000216629109445298,-0.00479841762857912,-3.93599131413332e-05,230,-0.0048707550376809,0.498056289024561,-0.278913066000474,-0.687754629382765,0.24659276699344,-0.483333847691619,-0.11837054034909
"248 wikitext","topp (0.95)",2.5,0.00369201457253961,0.000117267980191645,-0.00533973903757394,-4.71862356430291e-06,234,0.115648376262505,0.408899838473035,-0.291629032637246,-0.500181627871574,0.26227410736777,-0.39590533025441,-0.0668156114433199
"258 wikinews","CS (('0.6', '10'))",2.5,0.00113446073872702,-2.94378185478343e-05,0.000852332208119198,8.5718726546305e-06,256,0.0265025548196479,0.277261154521005,-0.146173541565947,-0.428217266908192,0.151881854670326,-0.287195404237069,-0.0676567747833716
"258 wikinews","topp (0.95)",3,0.00279997171097255,-0.000102812776444995,-0.000700065504033236,8.89445365293171e-06,259,0.0845554261922861,0.211422019492877,-0.18264030084559,-0.426470580026132,0.147988722842582,-0.304555440435861,-0.0782833587966398
"258 wikinews","temp (0.9)",2.5,0.000814968320543401,0.000248420552082481,-1.89811653074999e-05,-5.21091759096405e-06,207,0.0153663614433051,0.526582657482068,-0.166641218629082,-0.502847263860717,0.270974509462687,-0.3347442412449,-0.0318848658911065
"258 wikinews","beam (5)",3,0.00836073184290391,-5.45722264179287e-06,-0.00146788951376024,8.14138423687247e-06,169,0.278380683457247,0.298778873060969,-0.200676950289645,-0.430548242620141,0.288579778259108,-0.315612596454893,-0.0135164090978925
"258 wikinews","topk (50)",3,0.000960903334548101,7.28288066833139e-05,0.00172772763421862,-3.0053495102495e-06,245,0.0204530566005016,0.36902469811174,-0.125609974621619,-0.490904722748991,0.194738877356121,-0.308257348685305,-0.056759235664592
"3 wikitext","topk (50)",2,0.00402043306891661,-0.000121875270613367,0.000815395232666716,9.7986938882802e-06,203,0.127095696060623,0.194317299251901,-0.14704121341434,-0.421574369258506,0.160706497656262,-0.284307791336423,-0.0618006468400804
"3 wikitext","beam (5)",2,0.0111083801408403,-0.00193773638826962,-0.0007101098685939,0.000311022201945684,205,0.374152417102624,-1.4350495684642,-0.18287624903186,1.2094676104697,-0.530448575680787,0.51329568071892,-0.00857644748093334
"3 wikitext","temp (0.9)",2.5,0.00856704353551725,-0.0015573074134031,0.021038854178448,0.000108259515353414,104,0.285571861632319,-1.09369176244059,0.328020044022725,0.111563745372155,-0.404059950404138,0.21979189469744,-0.0921340278533489
"3 wikitext","topp (0.95)",2.5,0.0072609313649281,-0.000209671158538925,-0.000821442284937384,-8.69652008590801e-06,197,0.24004615624761,0.115538305904514,-0.185491514691579,-0.521720837276559,0.177792231076062,-0.353606175984069,-0.0879069724540035
"3 wikitext","CS (('0.6', '10'))",2.5,0.00580437971420496,8.1702113885415e-05,-0.00053937226699141,-9.06853253623218e-06,224,0.189276748518624,0.376986690701146,-0.178865519713669,-0.523735181798915,0.283131719609885,-0.351300350756292,-0.0340843155732036
"303 wikinews","topk (50)",2.5,0.003616843074706,-0.000645089569974995,-0.00170323217809281,3.40638296419175e-05,271,0.113028206616466,-0.275161360655452,-0.206205291526728,-0.290185370726413,-0.0810665770194932,-0.24819533112657,-0.164630954073032
"303 wikinews","CS (('0.6', '10'))",2.5,0.00434962664540515,9.86737816150147e-06,-0.00209951941211798,-2.31458386529642e-06,254,0.138570031967773,0.312529592522428,-0.215514317851402,-0.487164417842716,0.2255498122451,-0.351339367847059,-0.0628947778009793
"303 wikinews","topp (0.95)",2.5,0.00180117818985256,-0.000123524244073208,0.00140975800972313,1.18403533149894e-05,235,0.0497415866105343,0.192837680191234,-0.133079273026239,-0.410519348172184,0.121289633400884,-0.271799310599211,-0.0752548385991637
"303 wikinews","temp (0.9)",2.5,0.00166942224490761,-0.00016515441355891,-0.00214480703237669,1.59840003445933e-05,261,0.0451491155599491,0.15548305092038,-0.21657815138671,-0.388082645611864,0.100316083240164,-0.302330398499287,-0.101007157629561
"303 wikinews","beam (5)",2,0.00677474544468007,-0.00141336059141479,-0.001661378472022,0.00030394613986471,243,0.223099712086217,-0.964528700254697,-0.205222122708391,1.17115269149255,-0.37071449408424,0.482965284392079,0.0561253951539195
"345 wikinews","beam (5)",1.5,0.00716904345055647,-0.00188026322642393,-0.00128918319976223,0.000640789712408264,247,0.236843320984073,-1.38347906850485,-0.1964790311074,2.99506746814225,-0.57331787376039,1.39929421851743,0.412988172378518
"345 wikinews","topk (50)",3,0.00210443153039464,0.000378497982913493,0.0137918063909192,-2.47049944425481e-05,78,0.0603117524426313,0.643300755563953,0.157782517203994,-0.608402298081094,0.351806254003292,-0.22530989043855,0.063248181782371
"345 wikinews","CS (('0.6', '10'))",3,0.0028781674155168,0.000169701532284381,-0.00227051738358314,-1.0011715582819e-05,184,0.0872810072622683,0.455948311346797,-0.219531163414825,-0.528842257118076,0.271614659304533,-0.374186710266451,-0.051286025480959
"345 wikinews","topp (0.95)",3,0.00082152926960258,0.000235343249595685,0.000376379838198564,-1.39623650743636e-05,133,0.0155950491782777,0.514848432224474,-0.15735395001837,-0.55023393139163,0.265221740701376,-0.353793940705,-0.0442861000018122
"345 wikinews","temp (0.9)",2.5,0.000430751529316712,0.000190948402735129,0.00092198589360978,-1.55934101513432e-05,114,0.00197414227934596,0.475013066034528,-0.144537334451081,-0.559065589347342,0.238493604156937,-0.351801461899212,-0.0566539288711374
"430 wikinews","temp (0.9)",2,-0.0649752812628284,-0.00137159739187422,0.0517727340468981,0.000204955714885742,28,-2.27781150425869,-0.927054703504854,1.04997743298221,0.63514692031926,-1.60243310388177,0.842562176650735,-0.379935463615517
"430 wikinews","topp (0.95)",2,0.00258257997094778,-0.000320306540331407,0.000823859349610584,1.52423097380331e-05,184,0.0769780430759701,0.0162655015380324,-0.14684238619842,-0.392098695099739,0.0466217723070013,-0.26947054064908,-0.111424384171039
"430 wikinews","beam (5)",3,0.00537968736139251,-0.00078196815879854,0.000192412807953457,9.17504312904873e-05,253,0.174473717531969,-0.397982117904046,-0.161675446600607,0.0221716214733631,-0.111754200186039,-0.0697519125636221,-0.0907530563748303
"430 wikinews","topk (50)",3,0.00106781117443192,-0.000410615686415279,0.000414061374532807,8.43449383667601e-06,263,0.0241794247727475,-0.0647686310010891,-0.156468787985451,-0.428961135209355,-0.0202946031141708,-0.292714961597403,-0.156504782355787
"430 wikinews","CS (('0.6', '10'))",2.5,0.00112617846567906,-0.000153244423678987,0.00215261990253127,6.30766258950984e-06,252,0.026213868800799,0.16616984999135,-0.115628998775645,-0.440477338145497,0.0961918593960746,-0.278053168460571,-0.0909306545322482
"470 wikitext","topp (0.95)",3.5,0.0144579803709741,0.000478323006748446,0.00478053070373326,-8.37135753234716e-06,94,0.490905722574722,0.732873457365938,-0.0538977878587364,-0.51996017198681,0.61188958997033,-0.286928979922773,0.162480305023778
"470 wikitext","temp (0.9)",1.5,0.00278192962192471,8.16011241048892e-05,-0.000591765837744847,-2.3062762249615e-06,229,0.0839265530763222,0.376896072866574,-0.180096276315222,-0.48711943426814,0.230411312971448,-0.333607855291681,-0.0515982711601163
"470 wikitext","topk (50)",3,0.00582676096925226,-0.000147074377172057,-0.000816467686937438,4.15941683692074e-06,228,0.190056867138117,0.171706214668641,-0.185374658381912,-0.452109494705396,0.180881540903379,-0.318742076543654,-0.0689302678201375
"470 wikitext","beam (5)",2,0.00942837635046542,-0.00136099843716581,-0.00012828678618145,0.000369076298686765,226,0.315594385619538,-0.917544292457232,-0.169208873639856,1.52381448694875,-0.300974953418847,0.677302806654445,0.188163926617799
"470 wikitext","CS (('0.6', '10'))",2.5,0.0111103430835734,0.000312806619580694,0.00155535771961801,-6.33732480789843e-06,117,0.374220837223473,0.584356087456452,-0.129659047957393,-0.508946447383733,0.479288462339963,-0.319302747670563,0.0799928573346997
"526 wikinews","topp (0.95)",4,0.00659006608346836,0.000433528828004981,-0.00156747845904624,-1.10907387119581e-05,95,0.21666254812857,0.692679771845892,-0.20301635472591,-0.534684868911802,0.454671159987231,-0.368850611818856,0.0429102740841873
"526 wikinews","beam (5)",2,0.00667723587433389,-0.00134112226432509,-0.000591785478898396,0.0003981340479904,249,0.219700928986472,-0.899709460724355,-0.180096737697774,1.6811541622493,-0.340004265868942,0.750528712275765,0.205262223203411
"526 wikinews","CS (('0.6', '10'))",2.5,0.00217112074664892,-3.19085208577821e-05,0.00221881811740443,7.2845428397821e-06,254,0.0626362645939576,0.275044200567492,-0.114073962751291,-0.4351878017888,0.168840232580725,-0.274630882270046,-0.0528953248446605
"526 wikinews","temp (0.9)",2,-0.00140147733228511,-0.00149775259736559,0.00555225197281981,0.000234302418736898,75,-0.0618898299191665,-1.0402534002658,-0.0357695894399558,0.794051204571756,-0.551071615092482,0.3791408075659,-0.0859654037632909
"526 wikinews","topk (50)",3,0.00552253550914357,0.000397987626301967,-0.0013970373523153,-1.02765747422196e-05,101,0.179452817210929,0.660788755550301,-0.199012590251216,-0.530276396207963,0.420120786380615,-0.364644493229589,0.0277381465755128
"548 wikitext","topk (50)",3.5,0.00156998966248025,0.000425370070865794,-0.00306620655837143,-4.26407012001842e-05,223,0.0416833041578652,0.685358942937185,-0.238222382405474,-0.705519189277463,0.363521123547525,-0.471870785841468,-0.0541748311469715
"548 wikitext","beam (5)",1,0.00963793567103198,-0.00254130616704709,0.000149102457991793,0.000305572805362903,240,0.322898762765361,-1.97663096493358,-0.162692832863164,1.17996063524049,-0.826866101084109,0.508633901188665,-0.159116099947722
"548 wikitext","CS (('0.6', '10'))",1,0.00247897610893876,-0.00115743444313952,-0.00224386461049456,0.00015339627269913,184,0.0733668380012843,-0.734886916239769,-0.218905073687465,0.355966801874761,-0.330760039119243,0.0685308640936482,-0.131114587512797
"548 wikitext","topp (0.95)",3,0.00552809887451888,0.000556930592580935,-0.00231647660021153,-3.94139820240443e-05,246,0.179646733276277,0.803407814129918,-0.220610773154229,-0.688047397427555,0.491527273703097,-0.454329085290892,0.0185990942061026
"548 wikitext","temp (0.9)",3.5,-0.000159357935660022,-0.000181404667960557,-0.00106209836801335,9.02612811187896e-05,225,-0.0185946497832382,0.140901745193554,-0.191144671342103,0.0141082851825726,0.0611535477051577,-0.0885181930797652,-0.0136823226873037
"553 wikitext","topk (50)",2,-0.000380432118085824,-0.000567312952853585,-0.00604416946327872,7.3902658799421e-06,238,-0.0263003877159477,-0.205372629684533,-0.308176528528499,-0.434615340768618,-0.11583650870024,-0.371395934648559,-0.2436162216744
"553 wikitext","CS (('0.6', '10'))",2,9.17364626525895e-05,0.000137645205903449,-0.00615531751627686,-7.18596971002962e-06,241,-0.00984253043335555,0.427184263481067,-0.310787463381955,-0.513541624799284,0.208670866523856,-0.41216454409062,-0.101746838783382
"553 wikitext","temp (0.9)",1.5,0.00244496750657053,7.43289385347221e-05,-0.00657581501233399,-5.30934258697172e-06,246,0.0721814378137466,0.370370762032667,-0.32066520337498,-0.503380207990405,0.221276099923207,-0.412022705682692,-0.0953733028797429
"553 wikitext","topp (0.95)",2,0.00166714877601679,-9.89517132265792e-06,-0.00669262616913448,3.37011028115003e-05,237,0.0450698717727345,0.294796714694937,-0.32340916795498,-0.292149436185312,0.169933293233836,-0.307779302070146,-0.0689230044181552
"553 wikitext","beam (5)",2,0.00636888780760662,-0.00236319542487352,-0.00415884702314418,0.000392386704199218,246,0.20895318192625,-1.81681271712809,-0.263889166436493,1.65003388529681,-0.803929767600922,0.693072359430157,-0.0554287040853825
"564 wikinews","topp (0.95)",4.5,0.00440488442809154,0.000640470622620282,-0.00173639524285387,-1.67366236418175e-05,124,0.140496091299766,0.878368038648524,-0.206984311935061,-0.565255774193074,0.509432064974145,-0.386120043064068,0.0616560109550386
"564 wikinews","temp (0.9)",3.5,0.00139923716091425,0.00013003425936176,-0.000208524508842336,-3.73073875941783e-06,256,0.0357315733226113,0.420354983418617,-0.171093706176336,-0.494832504895435,0.228043278370614,-0.332963105535885,-0.0524599135826353
"564 wikinews","beam (5)",1,0.00756820399097012,-0.00244862534764511,-0.000152194781641769,0.000408430165060944,245,0.250756417862939,-1.89346873686557,-0.169770486883991,1.73690478834935,-0.821356159501316,0.783567150732679,-0.0188945043843184
"564 wikinews","topk (50)",3,0.00404375446093494,0.000706880503283241,-0.000303156534123832,-1.87069874911836e-05,124,0.127908583993295,0.937957430254016,-0.173316669569718,-0.575924749447962,0.532933007123656,-0.37462070950884,0.0791561488074078
"564 wikinews","CS (('0.6', '10'))",3,0.00638410839484213,0.000198305538873684,-0.000361594002706172,-8.32650964626018e-06,182,0.209483709078411,0.481614602764887,-0.174689400979344,-0.519717333088273,0.345549155921649,-0.347203367033809,-0.000827105556079871
"589 wikitext","CS (('0.6', '10'))",2.5,0.0110093614338092,-0.00131206800295795,-0.00107178496991027,0.000362184998981838,248,0.370701031696851,-0.873639157011548,-0.191372215467457,1.48650000513385,-0.251469062657349,0.647563894833199,0.198047416087925
"589 wikitext","topp (0.95)",1.5,0.0316273561737241,0.000548267423505741,-0.00391831003714503,-1.72891446375702e-05,52,1.0893596395019,0.795634377866927,-0.25823880744819,-0.568247522561472,0.942497008684416,-0.413243165004831,0.264626921839793
"589 wikitext","topk (50)",3.5,0.00490267619555992,6.00218511545522e-05,-0.00143303812082745,-2.47362965348619e-06,258,0.157847067624009,0.357533054388562,-0.199858270033489,-0.488025606794765,0.257690061006286,-0.343941938414127,-0.0431259387039206
"589 wikitext","temp (0.9)",1,0.00374848915289257,-0.00175348464310191,-0.00112743447996186,0.000500734213373165,275,0.117616848163134,-1.26972101664046,-0.192679456048395,2.23670567927916,-0.576052084238661,1.02201311161538,0.22298051368836
"589 wikitext","beam (5)",1.5,0.011982805669168,-0.00199752624058802,-0.001523870409764,0.000281726154317566,258,0.40463129929967,-1.48869882800613,-0.201991975326623,1.05083761565379,-0.542033764353229,0.424422820163582,-0.0588054720948232
"592 wikitext","topk (50)",1.5,0.00402529134282,-0.000775833476217394,0.00046747444501059,0.000121680904465487,229,0.127265035533438,-0.392477485173887,-0.155214082720008,0.184236855147788,-0.132606224820225,0.0145113862138901,-0.0590474193031673
"592 wikitext","CS (('0.6', '10'))",1.5,-0.0239675593248663,0.00146834286816569,0.0991494600315165,-2.44211247505849e-05,22,-0.848450757544566,1.62121538224628,2.16288532276726,-0.606865222215567,0.386382312350858,0.778010050275848,0.582196181313353
"592 wikitext","topp (0.95)",1.5,0.00357465049400898,-0.000994584195850743,0.00204831676748474,0.000222831543827464,187,0.111557546560242,-0.588761865842643,-0.118079142374852,0.731939589704259,-0.2386021596412,0.306930223664704,0.0341640320117518
"592 wikitext","temp (0.9)",3,0.00272156547761486,-0.000145214603247341,-0.000781943053590515,1.02469543622129e-05,260,0.0818225069526187,0.173374984369645,-0.184563653905659,-0.419147162778002,0.127598745661132,-0.301855408341831,-0.0871283313403495
"592 wikitext","beam (5)",2,0.0112155610147644,-0.00293741683928202,0.000749603487596557,0.000468979300751398,256,0.377888302120022,-2.33205991212167,-0.148586701217678,2.06476161062821,-0.977085805000822,0.958087454705265,-0.00949917514777876
"640 wikinews","topk (50)",2.5,-0.000788797506849965,0.000161950915784181,0.00214075619051025,4.9429626220057e-06,252,-0.040534327799212,0.448993705839247,-0.115907684531908,-0.447866811002672,0.204229689020017,-0.28188724776729,-0.0388287793736364
"640 wikinews","temp (0.9)",3,-0.00194403419262442,-0.000162804161204243,0.00267139764850724,4.15778962437957e-05,266,-0.0808011335073707,0.157591925481452,-0.103442596390452,-0.249498778417683,0.0383953959870407,-0.176470687404068,-0.0690376457085134
"640 wikinews","CS (('0.6', '10'))",3,0.00190139317847426,0.000484640465095154,0.00226901900914346,-1.07478336864901e-05,242,0.053234669478804,0.738542094255739,-0.112894713503279,-0.532828133044123,0.395888381867272,-0.322861423273701,0.0365134792967852
"640 wikinews","beam (5)",3.5,0.00471888403086702,-0.00038030597395554,0.00141313939088804,6.37834901958975e-05,254,0.151440827692831,-0.0375718146963034,-0.132999842341687,-0.129261629085451,0.0569345064982636,-0.131130735713569,-0.0370981146076526
"640 wikinews","topp (0.95)",3.5,-0.000833495867443122,0.000349028125504318,0.00267416694604727,-7.94082238563397e-06,253,-0.0420923290500737,0.616857538738647,-0.1033775439197,-0.517628943250493,0.287382604844287,-0.310503243585096,-0.0115603193704048
"683 wikitext","topp (0.95)",1,-0.00342376165154007,-0.00174280999532952,0.0363337153867678,0.000585430693384883,72,-0.13237835471485,-1.260142686428,0.687305565724517,2.69531369206413,-0.696260520571425,1.69130962889432,0.497524554161448
"683 wikitext","temp (0.9)",1,0.00183839050112655,-0.0011177051595712,7.2387499831668e-06,0.000327899731754908,440,0.051038654931228,-0.699237946340646,-0.166025296992666,1.30085476617506,-0.324099645704709,0.567414734591198,0.121657544443245
"683 wikitext","topk (50)",2.5,0.00311307997409736,-0.000257700935248116,0.0018006940290133,1.97659852817351e-05,247,0.0954690941463241,0.0724413277970876,-0.123895949965662,-0.367604243248917,0.0839552109717059,-0.245750096607289,-0.0808974428177916
"683 wikitext","CS (('0.6', '10'))",1.5,0.00239591805810055,-0.000459474172673567,0.00281538594369732,1.30356353416469e-05,165,0.0704717755116798,-0.10860920776214,-0.100060224425666,-0.404047226604828,-0.01906871612523,-0.252053725515247,-0.135561220820238
"683 wikitext","beam (5)",1,0.0078319734852888,-0.00219635425715346,0.00212947625365472,0.000440641890568667,224,0.259950338996381,-1.6671066255053,-0.116172657057171,1.91132237242637,-0.703578143254458,0.897574857684602,0.0969983572150722
"689 wikitext","topk (50)",3,0.00482216798353935,-0.000417664057118433,-7.59572631519598e-05,1.60595737193549e-05,254,0.155040882042074,-0.0710931134097012,-0.167979621557998,-0.387673436690619,0.0419738843161862,-0.277826529124308,-0.117926322404061
"689 wikitext","CS (('0.6', '10'))",3.5,0.00847423475200217,1.48648022763136e-05,0.000784327160676539,9.36726794909821e-06,202,0.282336928652929,0.317013766558331,-0.147771021177956,-0.423910421389654,0.29967534760563,-0.285840721283805,0.00691731316091272
"689 wikitext","temp (0.9)",3,0.00515821543475299,-0.000319722668043339,0.000841224839025471,6.6260454322243e-05,219,0.166754115869712,0.016789408433722,-0.146434460370323,-0.115849553452959,0.0917717621517168,-0.131142006911641,-0.0196851223799623
"689 wikitext","beam (5)",1.5,0.0101698787847361,-0.00245722205782604,0.000821042569057007,0.000421538132804279,253,0.34144011474204,-1.90118253975719,-0.146908554073822,1.80788080810352,-0.779871212507577,0.83048612701485,0.0253074572536365
"689 wikitext","topp (0.95)",3,0.00565422740573481,-1.25214075163971e-07,-0.00120136937393084,4.12871926496688e-06,232,0.184043055798983,0.303563268746503,-0.194416231334539,-0.452275713566784,0.243803162272743,-0.323345972450661,-0.0397714050889591
"693 wikitext","beam (5)",2,0.00305931287105075,-0.0012138312679834,4.89952778597351e-05,0.000316642924334822,242,0.0935949937835773,-0.785491622156718,-0.165044410948769,1.23990226755275,-0.34594831418657,0.537428928301992,0.0957403070577109
"693 wikitext","CS (('0.6', '10'))",1,0.000190400440299548,-0.000324926066393044,9.73233002538159e-05,2.58957560094754e-05,263,-0.00640350943685663,0.0121204143195241,-0.163909156532126,-0.334413230211686,0.00285845244133375,-0.249161193371906,-0.123151370465286
"693 wikitext","temp (0.9)",1.5,0.000156947189519602,-0.000129655133540864,5.99055013301043e-05,1.81635306953253e-05,181,-0.00756955234914462,0.18733645101071,-0.164788123214081,-0.376281091606132,0.0898834493307829,-0.270534607410107,-0.0903255790396618
"693 wikitext","topk (50)",1.5,0.00111377300480675,-0.000113928777917528,-2.0470469774933e-05,1.38485926778529e-05,233,0.0257814653904705,0.20144766389667,-0.16667620328996,-0.39964528748782,0.11361456464357,-0.28316074538889,-0.0847730903726601
"693 wikitext","topp (0.95)",3,-0.00104986813911744,0.000106472322338512,0.000418179423995691,-2.59379821822152e-06,233,-0.0496341776871794,0.399212926269201,-0.156372052517929,-0.488676286334987,0.174789374291011,-0.322524169426458,-0.0738673975677238
"70 wikinews","CS (('0.6', '10'))",3,0.000274172351913259,0.000193301989943692,0.000644645362646985,-6.41572592557837e-06,255,-0.0034835646928157,0.477124932950244,-0.151052230925056,-0.509370967750747,0.236820684128714,-0.330211599337901,-0.0466954576045936
"70 wikinews","topp (0.95)",3.5,2.55869699283572e-05,0.000114121382609552,-0.000134098585028521,-4.71982940476058e-06,263,-0.0121482300393495,0.406076405669476,-0.169345396302753,-0.500188157164125,0.196964087815063,-0.334766776733439,-0.0689013444591877
"70 wikinews","beam (5)",2.5,0.00355942885159465,-4.95596283023329e-05,0.000843042975172511,6.13421098813071e-06,225,0.111026982628881,0.259205913504124,-0.146391751254809,-0.441416530591415,0.185116448066502,-0.293904140923112,-0.054393846428305
"70 wikinews","topk (50)",3,-0.00111651418414202,0.000278505494616883,0.000608382172541469,-8.45996003759516e-06,166,-0.0519571850667651,0.55357778839052,-0.151904075148955,-0.520439930045869,0.250810301661878,-0.336172002597412,-0.042680850467767
"70 wikinews","temp (0.9)",3.5,-0.00152339255506781,4.79452720890335e-05,-7.93015927975728e-05,-3.04813848350696e-06,254,-0.0661392938161399,0.346696775328792,-0.168058181879998,-0.491136413204037,0.140278740756326,-0.329597297542017,-0.0946592783928457
"713 wikinews","beam (5)",3,0.00661429880552883,-0.00106346487998967,0.000511613885164063,5.8794054677236e-05,211,0.217507201283205,-0.650568302177623,-0.154177220628409,-0.156278042374593,-0.216530550447209,-0.155227631501501,-0.185879090974355
"713 wikinews","temp (0.9)",4,0.00141417492649114,9.29967525829292e-05,9.87261337818206e-05,3.61889716575664e-07,243,0.0362522424734487,0.387121336956641,-0.163876203125809,-0.472672053691525,0.211686789715045,-0.318274128408667,-0.053293669346811
"713 wikinews","topp (0.95)",3.5,0.00292051220896072,-0.000112788103105787,-0.000252504026192593,7.77366063262049e-06,244,0.0887569728296319,0.202471188067664,-0.172126811584758,-0.432539364227283,0.145614080448648,-0.30233308790602,-0.078359503728686
"713 wikinews","topk (50)",3,0.00218856324939399,-0.000267976798058691,-0.000261318876505347,6.724900591029e-06,239,0.0632442385942196,0.0632208261640352,-0.172333877739213,-0.438218109772505,0.0632325323791274,-0.305275993755859,-0.121021730688366
"713 wikinews","CS (('0.6', '10'))",3.5,0.00475369111991223,0.000108946509816941,-4.70690742709087e-05,2.18339767637412e-06,240,0.152654059846128,0.401433007454194,-0.167301020564384,-0.462809091906105,0.277043533650161,-0.315055056235245,-0.019005761292542
"755 wikitext","topk (50)",4.5,0.00316999535500488,-0.000138049450383387,0.000820434129823359,7.84007631434434e-06,242,0.0974529305436875,0.179804255069442,-0.146922846678672,-0.43217974168088,0.138628592806565,-0.289551294179776,-0.0754613506866056
"755 wikitext","beam (5)",2,0.00984737014744676,-0.00258030764233291,0.00260173618700997,0.000351551836259407,214,0.330198788356853,-2.01162687459037,-0.105078986168409,1.42892437005341,-0.840714043116757,0.6619226919425,-0.0893956755871284
"755 wikitext","CS (('0.6', '10'))",2.5,0.0083499495563935,0.00159093100461877,0.0224336395790274,-2.90190098256445e-05,63,0.278004857237954,1.73121335839631,0.360784394969343,-0.631761498152832,1.00460910781713,-0.135488551591744,0.434560278112693
"755 wikitext","topp (0.95)",2.5,0.00343636393254398,0.000170946167927365,0.0006160630372211,-5.07371684265735e-06,242,0.106737445042407,0.457065119267479,-0.15172364700149,-0.502104359757443,0.281901282154943,-0.326914003379467,-0.0225063606122619
"755 wikitext","temp (0.9)",3.5,0.00280337569284984,0.000130755485706066,0.00241907065968441,-1.01967704714161e-06,238,0.0846740750186043,0.421002137707076,-0.109369909661483,-0.480152855584951,0.25283810636284,-0.294761382623217,-0.0209616381301885
"798 wikitext","topp (0.95)",3.5,-0.00122525352339277,0.000346682179250084,-0.000330959687416525,-3.19589901450461e-05,227,-0.0557473917840213,0.614752528028893,-0.173969782422438,-0.647680678403548,0.279502568122436,-0.410825230412993,-0.0656613311452784
"798 wikitext","temp (0.9)",1.5,-0.00292513153358954,-0.000147297991686529,0.000645029402840848,2.66392686722912e-05,261,-0.11499815693634,0.171505566019095,-0.151043209589097,-0.330387314793156,0.0282537045413778,-0.240715262191127,-0.106230778824875
"798 wikitext","CS (('0.6', '10'))",1,0.000626047309308533,-0.00125314682663639,-0.000395646794817817,0.000441439668080666,237,0.00878135098851371,-0.820769357899855,-0.175489321620179,1.91564211699393,-0.405994003455671,0.870076397686878,0.232041197115603
"798 wikitext","topk (50)",1,-0.025778499131413,0.00152290272133602,0.0697926874219308,-8.54394160368406e-05,66,-0.911572680729079,1.67017177885547,1.47327701453505,-0.937262392280397,0.379299549063197,0.268007311127328,0.323653430095263
"798 wikitext","beam (5)",1.5,0.00501763415675216,-0.00154044408573637,-0.000485347170435081,0.000382790436522703,233,0.161854029959032,-1.07856034786684,-0.177596437586224,1.59807275009178,-0.458353158953903,0.710238156252777,0.125942498649437
"82 wikitext","temp (0.9)",1.5,0.00529200300838263,-0.0014879810108782,0.00102795781560593,0.000254718650405179,201,0.171417401151289,-1.03148538430204,-0.142047990039155,0.904599452062706,-0.430033991575373,0.381275731011776,-0.0243791302817989
"82 wikitext","topp (0.95)",1.5,0.00699984522511745,-0.00154722465543611,0.000254238725713871,0.000427191863047199,217,0.230945765830385,-1.08464453321867,-0.160223118474533,1.83849419358506,-0.426849383694143,0.839135537555262,0.20614307693056
"82 wikitext","CS (('0.6', '10'))",1,-0.00122160169813367,-0.000236635976844014,0.0307352934955953,0.000101898813434039,80,-0.0556201041554351,0.0913428533376323,0.555795256315333,0.0771223038062377,0.0178613745910986,0.316458780060785,0.167160077325942
"82 wikitext","beam (5)",1.5,0.0112925342533831,-0.00201488659465827,0.00272795463417755,0.000210979358355152,161,0.380571273049143,-1.50427622291747,-0.102114038659481,0.667763283606722,-0.561852474934162,0.28282462247362,-0.139513926230271
"82 wikitext","topk (50)",1.5,0.0055469553755144,-0.00169815473116591,0.00121562427857394,0.00032008843930711,270,0.180303993447523,-1.220073648554,-0.137639591549293,1.25855877812136,-0.51988482755324,0.560459593286032,0.0202873828663959
"850 wikinews","CS (('0.6', '10'))",4,0.00536388520594641,-5.17674713708029e-05,-0.00256510101412319,2.5602346011992e-05,228,0.173922919300789,0.25722482237887,-0.226451110705737,-0.336001964192821,0.21557387083983,-0.281226537449279,-0.0328263333047247
"850 wikinews","topk (50)",4,0.00252828388488516,-0.000110971418691827,-0.00211548543564882,2.21028149965439e-05,233,0.0750855045380937,0.204101293676745,-0.215889369381171,-0.354950956694658,0.139593399107419,-0.285420163037915,-0.0729133819652476
"850 wikinews","temp (0.9)",3.5,0.00916453170711671,0.000298915776645837,-0.00173325788356134,1.70022652425605e-05,76,0.306397845099585,0.571891874735208,-0.206910613471582,-0.382569022834615,0.439144859917397,-0.294739818153099,0.0722025208821491
"850 wikinews","topp (0.95)",2.5,0.00384108899127669,-0.000924472066692298,-0.00258392638304977,2.61981995270096e-05,237,0.120844498173505,-0.525850457494822,-0.226893329984742,-0.332775582218088,-0.202502979660659,-0.279834456101415,-0.241168717881037
"850 wikinews","beam (5)",2,0.00822558572999141,-0.000534062525027822,-0.00215022866040065,5.67478821862967e-05,235,0.273670045076497,-0.175537118086261,-0.216705508701466,-0.167357500455437,0.0490664634951177,-0.192031504578452,-0.071482520541667
"900 wikinews","beam (5)",2,0.0065939450300717,-0.0010975752462538,0.00188637822306155,0.000343320708565323,237,0.216797752274311,-0.681175434020486,-0.121883176528824,1.38435509026468,-0.232188840873087,0.631235956867925,0.199523557997419
"900 wikinews","CS (('0.6', '10'))",3,0.00560500704289326,0.000383185598980271,0.00222385204373671,-2.29970555701434e-05,201,0.182327436123958,0.647506939744844,-0.113955712783287,-0.599154281491464,0.414917187934401,-0.356554997137375,0.0291810953985128
"900 wikinews","topk (50)",1.5,0.00448525392996144,-0.00192339032718889,0.00165594957457819,0.00027791829614246,257,0.143297442015604,-1.42217688983261,-0.127296084567528,1.03021911686363,-0.639439723908505,0.451461516148049,-0.0939891038802284
"900 wikinews","temp (0.9)",3,-0.0179404660272913,0.00176511022177692,0.00659757191993361,-8.25131863795093e-05,77,-0.638371041598132,1.88750386030899,-0.011214392931224,-0.921417668061451,0.624566409355427,-0.466316030496338,0.0791251894295447
"900 wikinews","topp (0.95)",2.5,0.00156772738090346,0.000825607460674407,0.00387764761700336,-4.37807801561116e-05,130,0.0416044503144653,1.04449078172948,-0.0751070565427189,-0.711692401485615,0.543047616021974,-0.393399729014167,0.0748239435039034
"913 wikitext","beam (5)",1.5,0.00459375223279999,-0.00133282693614458,0.000575576040322523,0.000397255506579038,247,0.147079247193593,-0.892266087019876,-0.152674710996431,1.67639710350544,-0.372593419913142,0.761861196254503,0.194633888170681
"913 wikitext","temp (0.9)",1,0.000853695744998138,-0.000675307584357524,0.000511630047158383,0.000125562220031499,631,0.0167162403861218,-0.302275896543864,-0.154176840973407,0.205253105391882,-0.142779828078871,0.0255381322092371,-0.0586208479348171
"913 wikitext","CS (('0.6', '10'))",1.5,-0.00432123568011539,0.00012401118645195,0.00100052445566335,0.000117238278917202,137,-0.163660612958349,0.414950497719982,-0.142692416222874,0.160181266604267,0.125644942380816,0.00874442519069613,0.0671946837857562
"913 wikitext","topp (0.95)",1.5,0.00102332620059743,1.46053021834301e-05,0.000636498246045467,-1.28120514719408e-05,240,0.0226288613078024,0.316780917884277,-0.151243611611594,-0.54400530140354,0.16970488959604,-0.347624456507567,-0.0889597834557637
"913 wikitext","topk (50)",1,-0.000175965246888362,-0.000145789748797784,1.79684037823182e-06,-8.45882846823431e-06,270,-0.019173512437793,0.172858907950092,-0.166153130734001,-0.520433802910764,0.0768426977561493,-0.343293466822383,-0.133225384533117
"914 wikitext","temp (0.9)",3.5,0.00498976218465625,-8.83641274640906e-05,0.000203704533414446,6.54834691970803e-06,233,0.160882527496454,0.224386749947115,-0.161410197153887,-0.439174099069146,0.192634638721785,-0.300292148111517,-0.053828754694866
"914 wikitext","topp (0.95)",4,0.00645449201528293,3.63476727985526e-05,-4.2391686580846e-06,4.82867755174552e-07,237,0.21193699298484,0.336290283419681,-0.166294920229576,-0.472016991074227,0.274113638202261,-0.319155955651901,-0.0225211587248203
"914 wikitext","CS (('0.6', '10'))",1.5,0.00774384352002265,-0.00051137092504034,0.000606697097103997,0.000106180224442414,231,0.25687849040281,-0.155176011812456,-0.151943658588086,0.100304960207013,0.0508512392951768,-0.0258193491905361,0.0125159450523203
"914 wikitext","beam (5)",1.5,0.0110643449224333,-0.0029424487807765,0.000138498799509091,0.000286594923239594,270,0.3726175302645,-2.33657505850135,-0.16294191920125,1.07720065269772,-0.981978764118425,0.457129366748237,-0.262424698685094
"914 wikitext","topk (50)",2.5,0.00506678705124261,-0.000146078137103529,0.000126610386868154,3.27249071780586e-06,223,0.163567297964465,0.172600137967163,-0.163221185189985,-0.456911954322585,0.168083717965814,-0.310066569756285,-0.0709914258952357
"923 wikinews","CS (('0.6', '10'))",2.5,0.00194041241496598,9.98965222201686e-05,0.0100009387522192,-5.3793527326553e-06,175,0.0545947197906062,0.393312480063611,0.0687327482180626,-0.503759293564944,0.223953599927109,-0.217513272673441,0.00322016362683381
"923 wikinews","beam (5)",3.5,0.00544357606757584,-0.000238871526643374,0.0018377754562892,1.16387094050635e-05,243,0.176700615405373,0.0893369010438206,-0.123024884856746,-0.411611194171079,0.133018758224597,-0.267318039513913,-0.0671496406446579
"923 wikinews","topk (50)",2.5,0.00282928782045225,-9.09741626541981e-05,0.00142270244660526,4.68291447836698e-06,252,0.0855772653522388,0.222044773007919,-0.132775200390666,-0.449274899772902,0.153811019180079,-0.291025050081784,-0.0686070154508526
"923 wikinews","temp (0.9)",2.5,0.000391608109546444,-0.000272795191506116,0.0019783758971798,7.26175497330996e-06,188,0.00060976344853895,0.0588972958221398,-0.11972209563435,-0.435311191782776,0.0297535296353394,-0.277516643708563,-0.123881557036612
"923 wikinews","topp (0.95)",2,0.000400617375049194,-0.00145582308414978,0.00983275725685904,7.85771748942532e-05,99,0.000923789438225449,-1.00263017074179,0.0647820633783607,-0.0491579182778515,-0.50085319065178,0.0078120725502546,-0.246520559050763
